Title,Media URL,Pinterest board,Thumbnail,Description,Link,Publish date,Keywords
What to Wear in Dubai in Winter: Coquette Bow Cardigan & Satin Maxi Skirt,https://exquisite.silat.ae/assets/pins/cb-headline.jpg,Dubai Outfit Ideas,,"Tap to shop every piece (affiliate links). A soft coquette outfit for Dubai's mild winter days: chocolate cardigan tied with cream ribbon bows, cream satin maxi skirt, woven Mary Jane flats and pearls. Covered-up and pretty for malls, cafes and evenings out in the UAE. #dubaioutfit #whattowearindubai #dubaiwinter #coquetteoutfit #uaefashion",https://exquisite.silat.ae/looks/chocolate-bows-and-cream-satin/?utm_source=pinterest&utm_medium=social&utm_campaign=bulk&utm_content=cb-headline,2026-10-09T18:00:00,"what to wear in dubai in winter, dubai winter outfit, coquette outfit, bow cardigan outfit, uae fashion"
Dubai Winter Outfit Idea: Green Cable Knit Sweater & Light Wash Jeans,https://exquisite.silat.ae/assets/pins/fk-headline.jpg,Dubai Outfit Ideas,,"Tap to shop every piece (affiliate links). Dubai evenings get cool from December to February, so pack a knit: forest green cable knit quarter-zip, light wash straight jeans, tan suede lug loafers and a cognac bag. Easy for Dubai Mall, Al Seef and winter markets. #dubaiwinter #dubaioutfit #whattowearindubai #falloutfits #uaefashion",https://exquisite.silat.ae/looks/forest-green-knit-and-denim-weekend/?utm_source=pinterest&utm_medium=social&utm_campaign=bulk&utm_content=fk-headline,2026-10-10T18:00:00,"dubai winter outfit, what to wear in dubai in december, cable knit sweater outfit, dubai travel outfit"
Dubai Date Night Outfit: Leopard Satin Skirt & Black Bell Sleeve Top,https://exquisite.silat.ae/assets/pins/lb-headline.jpg,Evening & Dinner Outfits,,"Tap to shop every piece (affiliate links). A chic Dubai dinner look for a rooftop or DIFC date night: black bell sleeve top, leopard satin midi skirt, bow Mary Jane kitten heels, quilted chain bag and chunky gold. Elegant with sleeves and a midi length. #dubainights #dubaioutfit #datenightoutfit #leopardskirt #uaefashion",https://exquisite.silat.ae/looks/leopard-satin-and-black-bell-sleeves/?utm_source=pinterest&utm_medium=social&utm_campaign=bulk&utm_content=lb-headline,2026-10-11T18:00:00,"dubai date night outfit, dubai dinner outfit, leopard skirt outfit, what to wear in dubai at night"
"Modest Dubai Outfit for Winter: Plaid Maxi Skirt, Burgundy Top & Cardigan",https://exquisite.silat.ae/assets/pins/pa-headline-1.jpg,Modest Fashion,,"Tap to shop every piece (affiliate links). Dress like a local in Dubai's cooler months: plaid belted maxi skirt, burgundy top, cream chunky cardigan, gold locket and burgundy high-tops. Modest, comfortable and right for souks, malls and old Dubai. #modestfashion #dubaimodestfashion #whattowearindubai #dubaiwinter #uaefashion",https://exquisite.silat.ae/looks/plaid-and-burgundy-autumn/?utm_source=pinterest&utm_medium=social&utm_campaign=bulk&utm_content=pa-headline-1,2026-10-12T18:00:00,"modest dubai outfit, what to wear in dubai modest, dubai winter outfit, plaid maxi skirt outfit"
What to Wear on a Dubai Desert Safari in Winter: Leather Jacket & Boots,https://exquisite.silat.ae/assets/pins/bl-headline-1.jpg,Dubai Outfit Ideas,,"Tap to shop every piece (affiliate links). Winter desert safari nights in Dubai get chilly: layer a brown faux leather bomber over a white top with dark wide leg jeans, a belt and square-toe ankle boots. Photo-ready at the dunes and warm at the camp. #desertsafari #dubaidesertsafari #dubaioutfit #dubaiwinter #uaefashion",https://exquisite.silat.ae/looks/brown-leather-and-denim-chic/?utm_source=pinterest&utm_medium=social&utm_campaign=bulk&utm_content=bl-headline-1,2026-10-13T18:00:00,"dubai desert safari outfit, what to wear desert safari, dubai winter outfit, leather jacket outfit"
Top Dubai Shopping Pick: Brown Bow Cardigan | Coquette Style,https://exquisite.silat.ae/assets/pins/cb-cardigan.jpg,Dubai Outfit Ideas,,"Tap to shop every piece (affiliate links). This week's Dubai shopping pick: the chocolate knit cardigan tied with cream ribbon bows, plus the full coquette outfit it's styled in. Ships in the UAE on Amazon.ae. #dubaishopping #dubaifinds #bowcardigan #coquettestyle #uaefashion",https://exquisite.silat.ae/looks/chocolate-bows-and-cream-satin/?utm_source=pinterest&utm_medium=social&utm_campaign=bulk&utm_content=cb-cardigan,2026-10-14T18:00:00,"dubai shopping, dubai finds, bow cardigan, brown cardigan outfit, uae shopping"
"What to Wear in Dubai in Winter: Striped Sweater, White Jeans & New Balance",https://exquisite.silat.ae/assets/pins/ng-headline-dubai.jpg,Dubai Outfit Ideas,,"Tap to shop every piece (affiliate links). A relaxed Dubai winter outfit for sightseeing: navy and cream striped knit for cool evenings, white wide leg jeans, a light blue bag and New Balance sneakers for all the walking at the Marina and Old Dubai. #whattowearindubai #dubaiwinter #dubaitravel #dubaioutfit #uaefashion",https://exquisite.silat.ae/looks/navy-stripe-and-gingham-casual/?utm_source=pinterest&utm_medium=social&utm_campaign=bulk&utm_content=ng-headline-dubai,2026-10-15T18:00:00,"what to wear in dubai in winter, dubai travel outfit, dubai sightseeing outfit, striped sweater outfit"
Dubai Shopping Picks: Green Cable Knit Sweater for Cool UAE Evenings,https://exquisite.silat.ae/assets/pins/fk-sweater.jpg,Casual Outfits,,"Tap to shop every piece (affiliate links). A Dubai winter shopping pick: the forest green cable knit quarter-zip for cooler evenings, and the easy outfit it's styled in. Available on Amazon.ae. #dubaishopping #dubaifinds #cableknitsweater #dubaiwinter #uaefashion",https://exquisite.silat.ae/looks/forest-green-knit-and-denim-weekend/?utm_source=pinterest&utm_medium=social&utm_campaign=bulk&utm_content=fk-sweater,2026-10-16T18:00:00,"dubai shopping picks, dubai winter clothes, cable knit sweater, uae shopping"
Dubai Luxe Look for Less: Leopard Print Satin Midi Skirt,https://exquisite.silat.ae/assets/pins/lb-skirt.jpg,Dubai Outfit Ideas,,"Tap to shop every piece (affiliate links). Get the polished, expensive-looking Dubai style for less: a leopard print satin midi skirt with a black top, bow kitten heels and chunky gold. #dubailuxury #dubaistyle #richlook #leopardskirt #uaefashion",https://exquisite.silat.ae/looks/leopard-satin-and-black-bell-sleeves/?utm_source=pinterest&utm_medium=social&utm_campaign=bulk&utm_content=lb-skirt,2026-10-17T18:00:00,"dubai luxe look, rich look outfit, dubai style, leopard satin skirt, luxury look for less"
"Dubai Brunch Outfit Idea: Pink Cardigan, White Maxi Skirt & Pearls",https://exquisite.silat.ae/assets/pins/bp-headline-dubai.jpg,Dubai Outfit Ideas,,"Tap to shop every piece (affiliate links). The famous Dubai Friday brunch calls for something pretty: dusty rose cropped cardigan, white tiered maxi skirt, pearl earrings, an iridescent pearl clutch and silver sandals. #dubaibrunch #dubaioutfit #brunchoutfit #dubailife #uaefashion",https://exquisite.silat.ae/looks/blush-pink-and-pearl-elegance/?utm_source=pinterest&utm_medium=social&utm_campaign=bulk&utm_content=bp-headline-dubai,2026-10-18T18:00:00,"dubai brunch outfit, what to wear to brunch in dubai, pink cardigan outfit, white maxi skirt outfit"
Dubai Dinner Outfit with Jeans: Satin Lace Blouse & Lace Slingback Heels,https://exquisite.silat.ae/assets/pins/cl-headline-dinner.jpg,Evening & Dinner Outfits,,"Tap to shop every piece (affiliate links). Dress up jeans for dinner in Dubai: ivory satin blouse with lace trim, high-rise wide leg jeans, lace slingback kitten heels and polished gold. Smart enough for Downtown restaurants, relaxed enough for a waterfront walk. #dubaidinner #dubaioutfit #dubaistyle #jeansoutfit #uaefashion",https://exquisite.silat.ae/looks/cream-lace-and-denim-elegance/?utm_source=pinterest&utm_medium=social&utm_campaign=bulk&utm_content=cl-headline-dinner,2026-10-19T18:00:00,"dubai dinner outfit, dressy jeans outfit dubai, lace blouse outfit, what to wear in dubai at night"
Dubai Outfit Formula: Bow Cardigan + Satin Maxi Skirt + Mary Janes,https://exquisite.silat.ae/assets/pins/cb-formula.jpg,Modest Fashion,,"Tap to shop every piece (affiliate links). A modest, pretty outfit formula for Dubai days: chocolate bow cardigan + cream satin maxi skirt + woven Mary Jane flats + a glossy mini bag. #outfitformula #dubaioutfit #modestfashion #coquetteoutfit #uaefashion",https://exquisite.silat.ae/looks/chocolate-bows-and-cream-satin/?utm_source=pinterest&utm_medium=social&utm_campaign=bulk&utm_content=cb-formula,2026-10-20T18:00:00,"dubai outfit formula, modest outfit dubai, coquette outfit, mary jane flats outfit"
"How to Dress Like a Dubai Local: Burgundy Top, Black Wide Leg Jeans & Croc Bag",https://exquisite.silat.ae/assets/pins/bc-headline-1.jpg,Dubai Outfit Ideas,,"Tap to shop every piece (affiliate links). Dubai everyday style is polished, never sloppy: an asymmetrical burgundy top, black wide leg jeans, burgundy bow slingbacks, a croc bag and a gold watch. #dubaistyle #dubailocal #dubaioutfit #everydayoutfit #uaefashion",https://exquisite.silat.ae/looks/burgundy-and-black-casual/?utm_source=pinterest&utm_medium=social&utm_campaign=bulk&utm_content=bc-headline-1,2026-10-21T18:00:00,"dress like a dubai local, dubai style, dubai everyday outfit, burgundy outfit"
Dubai Winter Outfit Formula: Cable Knit + Straight Jeans + Loafers,https://exquisite.silat.ae/assets/pins/fk-formula.jpg,Casual Outfits,,Tap to shop every piece (affiliate links). One outfit formula for a whole Dubai winter trip: green cable knit + light wash straight jeans + tan lug loafers + a cognac shoulder bag. #dubaiwinter #outfitformula #dubaitravel #packinglist #uaefashion,https://exquisite.silat.ae/looks/forest-green-knit-and-denim-weekend/?utm_source=pinterest&utm_medium=social&utm_campaign=bulk&utm_content=fk-formula,2026-10-22T18:00:00,"dubai winter outfit, dubai packing list, outfit formula, what to wear in dubai in january"
Date Night in Dubai Outfit Formula: Black Top + Leopard Satin Skirt + Bow Heels,https://exquisite.silat.ae/assets/pins/lb-formula.jpg,Evening & Dinner Outfits,,Tap to shop every piece (affiliate links). A Dubai date night formula: black bell sleeve top + leopard satin midi skirt + bow Mary Jane kitten heels + a quilted chain bag. #dubainights #datenightoutfit #outfitformula #dubaioutfit #uaefashion,https://exquisite.silat.ae/looks/leopard-satin-and-black-bell-sleeves/?utm_source=pinterest&utm_medium=social&utm_campaign=bulk&utm_content=lb-formula,2026-10-23T18:00:00,"dubai date night outfit, outfit formula, leopard skirt outfit, dubai nightlife outfit"
What to Wear in Dubai in Summer: White Maxi Skirt & Teal Satin Shirt,https://exquisite.silat.ae/assets/pins/te-headline-dubai.jpg,Dubai Outfit Ideas,,"Tap to shop every piece (affiliate links). Dubai summers are hot, so go light and covered: white ribbed top and white maxi skirt with an airy teal satin shirt, turquoise tote, gold jewellery and brown kitten heels. #whattowearindubai #dubaisummer #dubaivacation #dubaioutfit #uaefashion",https://exquisite.silat.ae/looks/elevate-the-basics-with-teal/?utm_source=pinterest&utm_medium=social&utm_campaign=bulk&utm_content=te-headline-dubai,2026-10-24T18:00:00,"what to wear in dubai in summer, dubai summer outfit, dubai vacation outfit, white maxi skirt outfit"
Old Money Dubai Look: Polka Dot Blouse & Black Wide Leg Trousers,https://exquisite.silat.ae/assets/pins/pd-headline-1.jpg,Evening & Dinner Outfits,,"Tap to shop every piece (affiliate links). Quiet, rich-looking Dubai style: white polka dot bell sleeve blouse, black wide leg trousers, patent pumps, a marble pearl clutch and pearl drops. #oldmoneystyle #dubaistyle #dubailuxury #richlook #uaefashion",https://exquisite.silat.ae/looks/polka-dot-and-black-chic/?utm_source=pinterest&utm_medium=social&utm_campaign=bulk&utm_content=pd-headline-1,2026-10-25T18:00:00,"old money outfit, dubai luxury style, rich look outfit, polka dot blouse outfit"
Casual Dubai Winter Outfit: Plaid Maxi Skirt with Converse,https://exquisite.silat.ae/assets/pins/pa-headline-2.jpg,Modest Fashion,,"Tap to shop every piece (affiliate links). A comfy, modest outfit for winter days out in Dubai and Abu Dhabi: plaid maxi skirt, burgundy top, chunky cardigan, gold hoops and burgundy Converse. #dubaiwinter #abudhabi #modestfashion #casualoutfit #uaefashion",https://exquisite.silat.ae/looks/plaid-and-burgundy-autumn/?utm_source=pinterest&utm_medium=social&utm_campaign=bulk&utm_content=pa-headline-2,2026-10-26T18:00:00,"casual dubai winter outfit, abu dhabi outfit, plaid skirt outfit, modest casual outfit"
Top Dubai Shopping Pick: Cream Satin Maxi Skirt | Modest Style,https://exquisite.silat.ae/assets/pins/cb-skirt.jpg,Modest Fashion,,"Tap to shop every piece (affiliate links). A Dubai shopping pick for modest dressers: the cream satin maxi skirt, styled with a chocolate bow cardigan and Mary Janes. On Amazon.ae for UAE delivery. #dubaishopping #dubaimodestfashion #satinskirt #maxiskirt #uaefashion",https://exquisite.silat.ae/looks/chocolate-bows-and-cream-satin/?utm_source=pinterest&utm_medium=social&utm_campaign=bulk&utm_content=cb-skirt,2026-10-27T18:00:00,"dubai shopping, modest fashion uae, satin maxi skirt, dubai finds"
"Dubai Beach Day Outfit: Yellow Wrap Blouse, Navy Jeans & Tortoise Slides",https://exquisite.silat.ae/assets/pins/by-headline-dubai.jpg,Dubai Outfit Ideas,,"Tap to shop every piece (affiliate links). A JBR or Kite Beach day outfit: butter yellow wrap blouse, navy wide leg jeans, tortoise slides and sunglasses, a brown tote and seashell gold jewellery. #dubaibeach #jbr #dubaioutfit #whattowearindubai #uaefashion",https://exquisite.silat.ae/looks/yellow-and-navy-summer-coastal/?utm_source=pinterest&utm_medium=social&utm_campaign=bulk&utm_content=by-headline-dubai,2026-10-28T18:00:00,"dubai beach outfit, jbr outfit, dubai vacation outfit, what to wear in dubai"
"How to Dress Like a Dubai Local in Winter: Leather Jacket, White Top & Boots",https://exquisite.silat.ae/assets/pins/bl-headline-2.jpg,Casual Outfits,,"Tap to shop every piece (affiliate links). How Dubai women layer for winter: brown faux leather bomber, white ribbed top, dark wide leg jeans, a brown belt and square-toe ankle boots. #dubailocal #dubaistyle #dubaiwinter #leatherjacket #uaefashion",https://exquisite.silat.ae/looks/brown-leather-and-denim-chic/?utm_source=pinterest&utm_medium=social&utm_campaign=bulk&utm_content=bl-headline-2,2026-10-29T18:00:00,"dress like a dubai local, dubai winter style, leather jacket outfit, dubai fashion"
Dubai Shopping Picks: Tan Suede Lug Loafers for Sightseeing,https://exquisite.silat.ae/assets/pins/fk-loafers.jpg,Dubai Outfit Ideas,,"Tap to shop every piece (affiliate links). Comfortable enough for a full day at Dubai Mall and the souks: tan suede lug sole loafers, styled in an easy winter outfit. #dubaishopping #dubaifinds #loafers #dubaitravel #uaefashion",https://exquisite.silat.ae/looks/forest-green-knit-and-denim-weekend/?utm_source=pinterest&utm_medium=social&utm_campaign=bulk&utm_content=fk-loafers,2026-10-30T18:00:00,"dubai shopping picks, comfortable shoes for dubai, lug sole loafers, dubai travel"
Dubai Luxe Look: Black Bow Mary Jane Kitten Heels for Date Night,https://exquisite.silat.ae/assets/pins/lb-heels.jpg,Evening & Dinner Outfits,,"Tap to shop every piece (affiliate links). The polished Dubai date night shoe: black suede bow Mary Jane kitten heels, styled with leopard satin and gold. #dubailuxury #dubaistyle #maryjaneheels #dubainights #uaefashion",https://exquisite.silat.ae/looks/leopard-satin-and-black-bell-sleeves/?utm_source=pinterest&utm_medium=social&utm_campaign=bulk&utm_content=lb-heels,2026-10-31T18:00:00,"dubai luxe look, mary jane heels, kitten heels, dubai date night"
"What to Wear in Dubai: Denim Bow Blouse, White Maxi Skirt & Red Mary Janes",https://exquisite.silat.ae/assets/pins/rf-headline-dubai.jpg,Dubai Outfit Ideas,,"Tap to shop every piece (affiliate links). A sweet Dubai day out outfit for Alserkal, La Mer or the Miracle Garden: denim tie-front bow blouse, white tiered maxi skirt, cherry red Mary Janes and a red bow bag. #whattowearindubai #dubaioutfit #coquetteoutfit #dubaitravel #uaefashion",https://exquisite.silat.ae/looks/denim-and-cherry-coquette/?utm_source=pinterest&utm_medium=social&utm_campaign=bulk&utm_content=rf-headline-dubai,2026-11-01T18:00:00,"what to wear in dubai, dubai day out outfit, dubai miracle garden outfit, coquette outfit"
How to Dress Like a Dubai Local: Striped Sweater & White Wide Leg Jeans,https://exquisite.silat.ae/assets/pins/ng-headline-1.jpg,Casual Outfits,,"Tap to shop every piece (affiliate links). Effortless Dubai weekend style: navy and cream striped knit, white wide leg jeans, a light blue crescent bag, turquoise dial watch and New Balance sneakers. #dubailocal #dubaistyle #dubaiweekend #casualoutfit #uaefashion",https://exquisite.silat.ae/looks/navy-stripe-and-gingham-casual/?utm_source=pinterest&utm_medium=social&utm_campaign=bulk&utm_content=ng-headline-1,2026-11-02T18:00:00,"dress like a dubai local, dubai weekend outfit, striped sweater outfit, white jeans outfit"
"What to Wear to Dubai Mall: Burgundy Top, Black Jeans & Bow Slingbacks",https://exquisite.silat.ae/assets/pins/bc-headline-2.jpg,Dubai Outfit Ideas,,"Tap to shop every piece (affiliate links). A polished Dubai Mall outfit that covers shoulders and still feels chic: burgundy asymmetrical top, black wide leg jeans, burgundy bow slingbacks, a brown croc bag and a gold watch. #dubaimall #dubaioutfit #whattowearindubai #dubaistyle #uaefashion",https://exquisite.silat.ae/looks/burgundy-and-black-casual/?utm_source=pinterest&utm_medium=social&utm_campaign=bulk&utm_content=bc-headline-2,2026-11-03T18:00:00,"what to wear to dubai mall, dubai mall outfit, dubai outfit ideas, burgundy outfit"
Old Money Dubai Look: Satin Lace Blouse & Wide Leg Jeans,https://exquisite.silat.ae/assets/pins/cl-headline-1.jpg,Dubai Outfit Ideas,,"Tap to shop every piece (affiliate links). A rich-looking, understated Dubai outfit: ivory satin blouse with lace trim, high-rise wide leg jeans, lace slingback heels, a monogram crescent bag and gold rings. #oldmoneystyle #dubailuxury #dubaistyle #richlook #uaefashion",https://exquisite.silat.ae/looks/cream-lace-and-denim-elegance/?utm_source=pinterest&utm_medium=social&utm_campaign=bulk&utm_content=cl-headline-1,2026-11-04T18:00:00,"old money outfit, dubai luxury style, rich look outfit, lace blouse outfit"
"Dubai Work to Dinner Outfit: Polka Dot Blouse, Black Trousers & Pumps",https://exquisite.silat.ae/assets/pins/pd-headline-2.jpg,Casual Outfits,,"Tap to shop every piece (affiliate links). From a DIFC office to dinner in Downtown Dubai: white polka dot bell sleeve blouse, black wide leg trousers, black patent pumps and a pearl clutch. #dubaiworkwear #worktodinner #dubaistyle #officeoutfit #uaefashion",https://exquisite.silat.ae/looks/polka-dot-and-black-chic/?utm_source=pinterest&utm_medium=social&utm_campaign=bulk&utm_content=pd-headline-2,2026-11-05T18:00:00,"dubai work outfit, work to dinner outfit, office outfit uae, polka dot blouse"
Dubai Luxe Look on a Budget: White Basics + Teal Satin Shirt,https://exquisite.silat.ae/assets/pins/te-headline-1.jpg,Casual Outfits,,"Tap to shop every piece (affiliate links). The expensive-looking Dubai trick: start with white basics, then add a teal satin shirt, turquoise tote, braided belt and chunky gold. #dubailuxury #richlook #elevatedbasics #dubaistyle #uaefashion",https://exquisite.silat.ae/looks/elevate-the-basics-with-teal/?utm_source=pinterest&utm_medium=social&utm_campaign=bulk&utm_content=te-headline-1,2026-11-06T18:00:00,"dubai luxe look on a budget, rich look outfit, elevated basics, teal outfit"
"Old Money Dubai Look: Pink Cardigan, White Maxi Skirt & Pearls",https://exquisite.silat.ae/assets/pins/bp-headline-1.jpg,Evening & Dinner Outfits,,"Tap to shop every piece (affiliate links). Soft, rich-looking Dubai style: dusty rose cropped cardigan, white tiered maxi skirt, pearl earrings, an iridescent pearl clutch and silver block heels. #oldmoneystyle #dubailuxury #pearls #dubaistyle #uaefashion",https://exquisite.silat.ae/looks/blush-pink-and-pearl-elegance/?utm_source=pinterest&utm_medium=social&utm_campaign=bulk&utm_content=bp-headline-1,2026-11-07T18:00:00,"old money outfit, dubai luxury style, pink cardigan outfit, pearl outfit"
What to Wear in Dubai in Summer: Denim Bow Blouse & White Maxi Skirt,https://exquisite.silat.ae/assets/pins/rf-headline-1.jpg,Dubai Outfit Ideas,,"Tap to shop every piece (affiliate links). Breezy but covered for a Dubai summer: denim tie-front bow blouse, white tiered maxi skirt, red Mary Jane flats, a cherry red bow bag and gold teardrops. #dubaisummer #whattowearindubai #dubaioutfit #coquetteoutfit #uaefashion",https://exquisite.silat.ae/looks/denim-and-cherry-coquette/?utm_source=pinterest&utm_medium=social&utm_campaign=bulk&utm_content=rf-headline-1,2026-11-08T18:00:00,"what to wear in dubai in summer, dubai summer outfit, coquette outfit, white maxi skirt outfit"
Dubai Marina Outfit Idea: Yellow Wrap Blouse & Navy Wide Leg Jeans,https://exquisite.silat.ae/assets/pins/by-headline-1.jpg,Dubai Outfit Ideas,,"Tap to shop every piece (affiliate links). An easy outfit for a Dubai Marina walk or dhow cruise: butter yellow wrap blouse, navy wide leg jeans, tortoise slides, a brown tote and seashell gold. #dubaimarina #dubaioutfit #whattowearindubai #dubaitravel #uaefashion",https://exquisite.silat.ae/looks/yellow-and-navy-summer-coastal/?utm_source=pinterest&utm_medium=social&utm_campaign=bulk&utm_content=by-headline-1,2026-11-09T18:00:00,"dubai marina outfit, dhow cruise outfit, what to wear in dubai, yellow outfit"
